{
"lengthUnit": "mil",
"components": {
	"fields": ["COMPONENT_NO", "COMPONENT_NAME", "LAYER", "X_COORDINATE", "Y_COORDINATE", "ANGLE"],
	"rows": [
		[1, "BT1", "B", 3350, -2350, 90],
		[2, "BT2", "B", 2400, -2350, 90],
		[3, "BT3", "B", 1450, -2350, 90],
		[4, "BT4", "B", 500, -2350, 90],
		[5, "C1", "T", 2800, -1600, 180],
		[6, "C2", "T", 2800, -1750, 180],
		[7, "C3", "T", 2050, -1350, 270],
		[8, "C4", "T", 1900, -1350, 270],
		[9, "C5", "T", 2800, -1250, 180],
		[10, "C6", "T", 2800, -1400, 180],
		[11, "C7", "T", 250, -2237.26, 90],
		[12, "C8", "T", 850, -2350, 180],
		[13, "C9", "T", 1550, -2000, 90],
		[14, "C10", "T", 1700, -2000, 90],
		[15, "C11", "T", 1400, -1450, 270],
		[16, "C12", "T", 1250, -1450, 270],
		[17, "C13", "T", 3350, -2109.84, 270],
		[18, "C14", "T", 2550, -2400, 90],
		[19, "D1", "T", 2900, -2450, 0],
		[20, "H1", "T", 3200, -250, 270],
		[21, "L1", "T", 3200, -2450, 0],
		[22, "LED1", "T", 551.3, -1744.34, 90],
		[23, "LED2", "T", 722.2, -1744.34, 90],
		[24, "R1", "T", 250, -1761.22, 90],
		[25, "R2", "T", 551.3, -1998.95, 90],
		[26, "R3", "T", 722.19, -1995.8, 90],
		[27, "R4", "T", 511.93, -2607.54, 0],
		[28, "R5", "T", 2813.7, -2250, 270],
		[29, "R6", "T", 2813.7, -2050, 270],
		[30, "SW1", "T", 3700, -2900, 270],
		[31, "SW2", "T", 3700, -2400, 270],
		[32, "SW3", "T", 3700, -1950, 270],
		[33, "U1", "T", 2350, -1600, 90],
		[34, "U2", "T", 576.32, -2315.95, 90],
		[35, "U3", "T", 200, -3350, 180],
		[36, "U4", "T", 200, -3750, 180],
		[37, "U5", "T", 200, -1050, 180],
		[38, "U6", "T", 200, -1450, 180],
		[39, "U7", "T", 750, -3000, 180],
		[40, "U8", "T", 750, -3400, 180],
		[41, "U9", "T", 750, -700, 180],
		[42, "U10", "T", 750, -1100, 180],
		[43, "U11", "T", 1350, -2600, 180],
		[44, "U12", "T", 1350, -3000, 180],
		[45, "U13", "T", 1350, -300, 180],
		[46, "U14", "T", 1350, -700, 180],
		[47, "U15", "T", 1950, -2400, 180],
		[48, "U16", "T", 1950, -2800, 180],
		[49, "U17", "T", 1950, -100, 180],
		[50, "U18", "T", 1950, -450, 180],
		[51, "U19", "T", 1250, -1800, 270],
		[52, "U20", "T", 2550, -3000, 180],
		[53, "U21", "T", 2550, -2600, 180],
		[54, "U22", "T", 2550, -700, 180],
		[55, "U23", "T", 2550, -300, 180],
		[56, "U24", "T", 3150, -3400, 180],
		[57, "U25", "T", 3150, -3000, 180],
		[58, "U26", "T", 3150, -1100, 180],
		[59, "U27", "T", 3150, -700, 180],
		[60, "U28", "T", 3700, -3750, 180],
		[61, "U29", "T", 3700, -3350, 180],
		[62, "U30", "T", 3700, -1450, 180],
		[63, "U31", "T", 3700, -1050, 180],
		[64, "U32", "T", 3100, -2100, 270],
		[65, "USB1", "T", 500, -200, 180]
	]
},
"pins": {
	"fields": ["PIN_NO", "PIN_NAME", "PIN_X", "PIN_Y", "LAYER", "PIN_TYPE", "NET_NAME", "NET_TYPE", "PAD_SHAPE", "PAD_SIZEX", "PAD_SIZEY", "HOLE_SIZE", "PAD_ANGLE"],
	"rows": [
		[1, "BT1_1", 3350, -3777.16, "T", "DIP", "BAT+", "", "C", 125.98, 125.98, 82.68, 90],
		[2, "BT1_1", 3350, -3777.16, "B", "DIP", "BAT+", "", "C", 125.98, 125.98, 82.68, 90],
		[3, "BT1_2", 3350, -922.84, "T", "DIP", "GND", "GND", "C", 125.98, 125.98, 82.68, 90],
		[4, "BT1_2", 3350, -922.84, "B", "DIP", "GND", "GND", "C", 125.98, 125.98, 82.68, 90],
		[5, "BT2_1", 2400, -3777.16, "T", "DIP", "BAT+", "", "C", 125.98, 125.98, 82.68, 90],
		[6, "BT2_1", 2400, -3777.16, "B", "DIP", "BAT+", "", "C", 125.98, 125.98, 82.68, 90],
		[7, "BT2_2", 2400, -922.84, "T", "DIP", "GND", "GND", "C", 125.98, 125.98, 82.68, 90],
		[8, "BT2_2", 2400, -922.84, "B", "DIP", "GND", "GND", "C", 125.98, 125.98, 82.68, 90],
		[9, "BT3_1", 1450, -3777.16, "T", "DIP", "BAT+", "", "C", 125.98, 125.98, 82.68, 90],
		[10, "BT3_1", 1450, -3777.16, "B", "DIP", "BAT+", "", "C", 125.98, 125.98, 82.68, 90],
		[11, "BT3_2", 1450, -922.84, "T", "DIP", "GND", "GND", "C", 125.98, 125.98, 82.68, 90],
		[12, "BT3_2", 1450, -922.84, "B", "DIP", "GND", "GND", "C", 125.98, 125.98, 82.68, 90],
		[13, "BT4_1", 500, -3777.16, "T", "DIP", "BAT+", "", "C", 125.98, 125.98, 82.68, 90],
		[14, "BT4_1", 500, -3777.16, "B", "DIP", "BAT+", "", "C", 125.98, 125.98, 82.68, 90],
		[15, "BT4_2", 500, -922.84, "T", "DIP", "GND", "GND", "C", 125.98, 125.98, 82.68, 90],
		[16, "BT4_2", 500, -922.84, "B", "DIP", "GND", "GND", "C", 125.98, 125.98, 82.68, 90],
		[17, "C1_1", 2839.37, -1600, "T", "SMD", "GND", "GND", "R", 55.51, 53.15, 0, 180],
		[18, "C1_2", 2760.63, -1600, "T", "SMD", "+3.3V", "", "R", 55.51, 53.15, 0, 180],
		[19, "C2_1", 2839.37, -1750, "T", "SMD", "GND", "GND", "R", 55.51, 53.15, 0, 180],
		[20, "C2_2", 2760.63, -1750, "T", "SMD", "+3.3V", "", "R", 55.51, 53.15, 0, 180],
		[21, "C3_1", 2050, -1310.63, "T", "SMD", "GND", "GND", "R", 55.51, 53.15, 0, 270],
		[22, "C3_2", 2050, -1389.37, "T", "SMD", "+3.3V", "", "R", 55.51, 53.15, 0, 270],
		[23, "C4_1", 1900, -1310.63, "T", "SMD", "GND", "GND", "R", 55.51, 53.15, 0, 270],
		[24, "C4_2", 1900, -1389.37, "T", "SMD", "+3.3V", "", "R", 55.51, 53.15, 0, 270],
		[25, "C5_1", 2839.37, -1250, "T", "SMD", "GND", "GND", "R", 55.51, 53.15, 0, 180],
		[26, "C5_2", 2760.63, -1250, "T", "SMD", "+3.3V", "", "R", 55.51, 53.15, 0, 180],
		[27, "C6_1", 2839.37, -1400, "T", "SMD", "GND", "GND", "R", 55.51, 53.15, 0, 180],
		[28, "C6_2", 2760.63, -1400, "T", "SMD", "+3.3V", "", "R", 55.51, 53.15, 0, 180],
		[29, "C7_1", 250, -2264.82, "T", "SMD", "GND", "GND", "R", 31.5, 35.43, 0, 90],
		[30, "C7_2", 250, -2209.7, "T", "SMD", "$1N4225", "", "R", 31.5, 35.43, 0, 90],
		[31, "C8_1", 877.56, -2350, "T", "SMD", "GND", "GND", "R", 31.5, 35.43, 0, 180],
		[32, "C8_2", 822.44, -2350, "T", "SMD", "BAT+", "", "R", 31.5, 35.43, 0, 180],
		[33, "C9_1", 1550, -2027.56, "T", "SMD", "GND", "GND", "R", 31.5, 35.43, 0, 90],
		[34, "C9_2", 1550, -1972.44, "T", "SMD", "+5V", "", "R", 31.5, 35.43, 0, 90],
		[35, "C10_1", 1700, -2039.37, "T", "SMD", "GND", "GND", "R", 55.51, 53.15, 0, 90],
		[36, "C10_2", 1700, -1960.63, "T", "SMD", "+5V", "", "R", 55.51, 53.15, 0, 90],
		[37, "C11_1", 1400, -1422.44, "T", "SMD", "GND", "GND", "R", 31.5, 35.43, 0, 270],
		[38, "C11_2", 1400, -1477.56, "T", "SMD", "+3.3V", "", "R", 31.5, 35.43, 0, 270],
		[39, "C12_1", 1250, -1410.63, "T", "SMD", "GND", "GND", "R", 55.51, 53.15, 0, 270],
		[40, "C12_2", 1250, -1489.37, "T", "SMD", "+3.3V", "", "R", 55.51, 53.15, 0, 270],
		[41, "C13_1", 3350, -2082.28, "T", "SMD", "GND", "GND", "R", 31.5, 35.43, 0, 270],
		[42, "C13_2", 3350, -2137.4, "T", "SMD", "VCC", "", "R", 31.5, 35.43, 0, 270],
		[43, "C14_1", 2550, -2427.56, "T", "SMD", "GND", "GND", "R", 31.5, 35.43, 0, 90],
		[44, "C14_2", 2550, -2372.44, "T", "SMD", "+5V", "", "R", 31.5, 35.43, 0, 90],
		[45, "D1_1", 2813.68, -2450, "T", "SMD", "+5V", "", "R", 70.87, 66.93, 0, 0],
		[46, "D1_2", 2986.32, -2450, "T", "SMD", "$1N16874", "", "R", 70.87, 66.93, 0, 0],
		[47, "H1_1", 3200, -100, "T", "DIP", "GND", "GND", "R", 66.93, 66.93, 43.31, 270],
		[48, "H1_1", 3200, -100, "B", "DIP", "GND", "GND", "R", 66.93, 66.93, 43.31, 270],
		[49, "H1_2", 3200, -200, "T", "DIP", "DIO", "", "C", 66.93, 66.93, 43.31, 270],
		[50, "H1_2", 3200, -200, "B", "DIP", "DIO", "", "C", 66.93, 66.93, 43.31, 270],
		[51, "H1_3", 3200, -300, "T", "DIP", "CLK", "", "C", 66.93, 66.93, 43.31, 270],
		[52, "H1_3", 3200, -300, "B", "DIP", "CLK", "", "C", 66.93, 66.93, 43.31, 270],
		[53, "H1_4", 3200, -400, "T", "DIP", "+3.3V", "", "C", 66.93, 66.93, 43.31, 270],
		[54, "H1_4", 3200, -400, "B", "DIP", "+3.3V", "", "C", 66.93, 66.93, 43.31, 270],
		[55, "L1_1", 3251.3, -2450, "T", "SMD", "VCC", "", "R", 70.87, 122.84, 0, 0],
		[56, "L1_2", 3148.7, -2450, "T", "SMD", "$1N16874", "", "R", 70.87, 122.84, 0, 0],
		[57, "LED1_1", 551.3, -1702.99, "T", "SMD", "VBUS", "", "R", 39.37, 55.1, 0, 270],
		[58, "LED1_2", 551.3, -1785.69, "T", "SMD", "$1N4239", "", "R", 39.37, 55.1, 0, 270],
		[59, "LED2_1", 722.2, -1702.99, "T", "SMD", "VBUS", "", "R", 39.37, 55.1, 0, 270],
		[60, "LED2_2", 722.2, -1785.69, "T", "SMD", "$1N4238", "", "R", 39.37, 55.1, 0, 270],
		[61, "R1_1", 250, -1819.44, "T", "SMD", "$1N4225", "", "R", 47.54, 66.97, 0, 90],
		[62, "R1_2", 250, -1703, "T", "SMD", "VBUS", "", "R", 47.54, 66.97, 0, 90],
		[63, "R2_1", 551.3, -2038.32, "T", "SMD", "$1N4234", "", "R", 44.59, 54.21, 0, 90],
		[64, "R2_2", 551.3, -1959.58, "T", "SMD", "$1N4239", "", "R", 44.59, 54.21, 0, 90],
		[65, "R3_1", 722.19, -2035.17, "T", "SMD", "$1N4236", "", "R", 44.59, 54.21, 0, 90],
		[66, "R3_2", 722.19, -1956.43, "T", "SMD", "$1N4238", "", "R", 44.59, 54.21, 0, 90],
		[67, "R4_1", 472.56, -2607.54, "T", "SMD", "GND", "GND", "R", 44.59, 54.21, 0, 0],
		[68, "R4_2", 551.3, -2607.54, "T", "SMD", "$1N4224", "", "R", 44.59, 54.21, 0, 0],
		[69, "R5_1", 2813.7, -2210.63, "T", "SMD", "$1N13670", "", "R", 44.59, 54.21, 0, 270],
		[70, "R5_2", 2813.7, -2289.37, "T", "SMD", "+5V", "", "R", 44.59, 54.21, 0, 270],
		[71, "R6_1", 2813.7, -2010.63, "T", "SMD", "GND", "GND", "R", 44.59, 54.21, 0, 270],
		[72, "R6_2", 2813.7, -2089.37, "T", "SMD", "$1N13670", "", "R", 44.59, 54.21, 0, 270],
		[73, "SW1_1", 3577.96, -2801.58, "T", "SMD", "VCC", "", "R", 47.24, 78.74, 0, 270],
		[74, "SW1_2", 3577.96, -2900.01, "T", "SMD", "SW1_2", "", "R", 47.24, 78.74, 0, 270],
		[75, "SW1_3", 3577.96, -2998.42, "T", "SMD", "SW1_3", "", "R", 47.24, 78.74, 0, 270],
		[76, "SW1_4", 3822.04, -2998.42, "T", "SMD", "SW1_4", "", "R", 47.24, 78.74, 0, 270],
		[77, "SW1_5", 3822.04, -2900.01, "T", "SMD", "SW1_5", "", "R", 47.24, 78.74, 0, 270],
		[78, "SW1_6", 3822.04, -2801.58, "T", "SMD", "BAT+", "", "R", 47.24, 78.74, 0, 270],
		[79, "SW2_1", 3773.82, -2281.89, "T", "SMD", "GND", "GND", "R", 39.37, 29.53, 0, 270],
		[80, "SW2_2", 3773.82, -2518.11, "T", "SMD", "GND", "GND", "R", 39.37, 29.53, 0, 270],
		[81, "SW2_3", 3626.18, -2281.89, "T", "SMD", "COLOR", "", "R", 39.37, 29.53, 0, 270],
		[82, "SW2_4", 3626.18, -2518.11, "T", "SMD", "COLOR", "", "R", 39.37, 29.53, 0, 270],
		[83, "SW3_1", 3773.82, -1831.89, "T", "SMD", "GND", "GND", "R", 39.37, 29.53, 0, 270],
		[84, "SW3_2", 3773.82, -2068.11, "T", "SMD", "GND", "GND", "R", 39.37, 29.53, 0, 270],
		[85, "SW3_3", 3626.18, -1831.89, "T", "SMD", "ANIM", "", "R", 39.37, 29.53, 0, 270],
		[86, "SW3_4", 3626.18, -2068.11, "T", "SMD", "ANIM", "", "R", 39.37, 29.53, 0, 270],
		[87, "U1_1", 2517.01, -1710.24, "T", "SMD", "+3.3V", "", "O", 17.64, 66.3, 0, 90],
		[88, "U1_2", 2517.01, -1678.74, "T", "SMD", "U1_2", "", "O", 17.64, 66.3, 0, 90],
		[89, "U1_3", 2517.01, -1647.24, "T", "SMD", "U1_3", "", "O", 17.64, 66.3, 0, 90],
		[90, "U1_4", 2517.01, -1615.75, "T", "SMD", "U1_4", "", "O", 17.64, 66.3, 0, 90],
		[91, "U1_5", 2517.01, -1584.25, "T", "SMD", "+3.3V", "", "O", 17.64, 66.3, 0, 90],
		[92, "U1_6", 2517.01, -1552.76, "T", "SMD", "U1_6", "", "O", 17.64, 66.3, 0, 90],
		[93, "U1_7", 2517.01, -1521.26, "T", "SMD", "U1_7", "", "O", 17.64, 66.3, 0, 90],
		[94, "U1_8", 2517.01, -1489.76, "T", "SMD", "U1_8", "", "O", 17.64, 66.3, 0, 90],
		[95, "U1_9", 2460.24, -1432.99, "T", "SMD", "U1_9", "", "O", 66.3, 17.64, 0, 90],
		[96, "U1_10", 2428.74, -1432.99, "T", "SMD", "U1_10", "", "O", 66.3, 17.64, 0, 90],
		[97, "U1_11", 2397.24, -1432.99, "T", "SMD", "U1_11", "", "O", 66.3, 17.64, 0, 90],
		[98, "U1_12", 2365.75, -1432.99, "T", "SMD", "U1_12", "", "O", 66.3, 17.64, 0, 90],
		[99, "U1_13", 2334.25, -1432.99, "T", "SMD", "U1_13", "", "O", 66.3, 17.64, 0, 90],
		[100, "U1_14", 2302.76, -1432.99, "T", "SMD", "COLOR", "", "O", 66.3, 17.64, 0, 90],
		[101, "U1_15", 2271.26, -1432.99, "T", "SMD", "ANIM", "", "O", 66.3, 17.64, 0, 90],
		[102, "U1_16", 2239.76, -1432.99, "T", "SMD", "GND", "GND", "O", 66.3, 17.64, 0, 90],
		[103, "U1_17", 2182.99, -1489.76, "T", "SMD", "+3.3V", "", "O", 17.64, 66.3, 0, 90],
		[104, "U1_18", 2182.99, -1521.26, "T", "SMD", "ARROW2", "", "O", 17.64, 66.3, 0, 90],
		[105, "U1_19", 2182.99, -1552.76, "T", "SMD", "ARROW1", "", "O", 17.64, 66.3, 0, 90],
		[106, "U1_20", 2182.99, -1584.25, "T", "SMD", "U1_20", "", "O", 17.64, 66.3, 0, 90],
		[107, "U1_21", 2182.99, -1615.75, "T", "SMD", "U1_21", "", "O", 17.64, 66.3, 0, 90],
		[108, "U1_22", 2182.99, -1647.24, "T", "SMD", "U1_22", "", "O", 17.64, 66.3, 0, 90],
		[109, "U1_23", 2182.99, -1678.74, "T", "SMD", "DIO", "", "O", 17.64, 66.3, 0, 90],
		[110, "U1_24", 2182.99, -1710.24, "T", "SMD", "CLK", "", "O", 17.64, 66.3, 0, 90],
		[111, "U1_25", 2239.76, -1767.01, "T", "SMD", "U1_25", "", "O", 66.3, 17.64, 0, 90],
		[112, "U1_26", 2271.26, -1767.01, "T", "SMD", "U1_26", "", "O", 66.3, 17.64, 0, 90],
		[113, "U1_27", 2302.76, -1767.01, "T", "SMD", "U1_27", "", "O", 66.3, 17.64, 0, 90],
		[114, "U1_28", 2334.25, -1767.01, "T", "SMD", "U1_28", "", "O", 66.3, 17.64, 0, 90],
		[115, "U1_29", 2365.75, -1767.01, "T", "SMD", "U1_29", "", "O", 66.3, 17.64, 0, 90],
		[116, "U1_30", 2397.24, -1767.01, "T", "SMD", "U1_30", "", "O", 66.3, 17.64, 0, 90],
		[117, "U1_31", 2428.74, -1767.01, "T", "SMD", "U1_31", "", "O", 66.3, 17.64, 0, 90],
		[118, "U1_32", 2460.24, -1767.01, "T", "SMD", "GND", "GND", "O", 66.3, 17.64, 0, 90],
		[119, "U2_1", 501.32, -2422.24, "T", "SMD", "U2_1", "", "R", 51.18, 23.62, 0, 90],
		[120, "U2_2", 551.32, -2422.24, "T", "SMD", "$1N4224", "", "R", 51.18, 23.62, 0, 90],
		[121, "U2_3", 601.32, -2422.24, "T", "SMD", "GND", "GND", "R", 51.18, 23.62, 0, 90],
		[122, "U2_4", 651.32, -2422.24, "T", "SMD", "$1N4225", "", "R", 51.18, 23.62, 0, 90],
		[123, "U2_5", 651.32, -2209.65, "T", "SMD", "BAT+", "", "R", 51.18, 23.62, 0, 90],
		[124, "U2_6", 601.32, -2209.65, "T", "SMD", "$1N4236", "", "R", 51.18, 23.62, 0, 90],
		[125, "U2_7", 551.32, -2209.65, "T", "SMD", "$1N4234", "", "R", 51.18, 23.62, 0, 90],
		[126, "U2_8", 501.32, -2209.65, "T", "SMD", "$1N4225", "", "R", 51.18, 23.62, 0, 90],
		[127, "U2_9", 576.32, -2315.94, "T", "SMD", "GND", "GND", "R", 98.42, 137.79, 0, 90],
		[128, "U3_1", 298.43, -3412.99, "T", "SMD", "+5V", "", "R", 70.87, 39.37, 0, 0],
		[129, "U3_2", 298.42, -3287.01, "T", "SMD", "$1N1850", "", "R", 70.87, 39.37, 0, 0],
		[130, "U3_3", 101.57, -3287.01, "T", "SMD", "GND", "GND", "R", 70.87, 39.37, 0, 0],
		[131, "U3_4", 101.58, -3412.99, "T", "SMD", "$1N1744", "", "R", 70.87, 39.37, 0, 0],
		[132, "U4_1", 298.43, -3812.99, "T", "SMD", "+5V", "", "R", 70.87, 39.37, 0, 0],
		[133, "U4_2", 298.43, -3687.01, "T", "SMD", "$1N1744", "", "R", 70.87, 39.37, 0, 0],
		[134, "U4_3", 101.58, -3687.01, "T", "SMD", "GND", "GND", "R", 70.87, 39.37, 0, 0],
		[135, "U4_4", 101.58, -3812.99, "T", "SMD", "ARROW2", "", "R", 70.87, 39.37, 0, 0],
		[136, "U5_1", 298.43, -1112.99, "T", "SMD", "+5V", "", "R", 70.87, 39.37, 0, 0],
		[137, "U5_2", 298.43, -987.01, "T", "SMD", "$1N1904", "", "R", 70.87, 39.37, 0, 0],
		[138, "U5_3", 101.58, -987.01, "T", "SMD", "GND", "GND", "R", 70.87, 39.37, 0, 0],
		[139, "U5_4", 101.58, -1112.99, "T", "SMD", "$1N1800", "", "R", 70.87, 39.37, 0, 0],
		[140, "U6_1", 298.43, -1512.99, "T", "SMD", "+5V", "", "R", 70.87, 39.37, 0, 0],
		[141, "U6_2", 298.43, -1387.01, "T", "SMD", "$1N1800", "", "R", 70.87, 39.37, 0, 0],
		[142, "U6_3", 101.58, -1387.01, "T", "SMD", "GND", "GND", "R", 70.87, 39.37, 0, 0],
		[143, "U6_4", 101.58, -1512.99, "T", "SMD", "ARROW1", "", "R", 70.87, 39.37, 0, 0],
		[144, "U7_1", 848.42, -3062.99, "T", "SMD", "+5V", "", "R", 70.87, 39.37, 0, 0],
		[145, "U7_2", 848.42, -2937.01, "T", "SMD", "$1N1856", "", "R", 70.87, 39.37, 0, 0],
		[146, "U7_3", 651.58, -2937.01, "T", "SMD", "GND", "GND", "R", 70.87, 39.37, 0, 0],
		[147, "U7_4", 651.58, -3062.99, "T", "SMD", "$1N1760", "", "R", 70.87, 39.37, 0, 0],
		[148, "U8_1", 848.42, -3462.99, "T", "SMD", "+5V", "", "R", 70.87, 39.37, 0, 0],
		[149, "U8_2", 848.42, -3337.01, "T", "SMD", "$1N1760", "", "R", 70.87, 39.37, 0, 0],
		[150, "U8_3", 651.58, -3337.01, "T", "SMD", "GND", "GND", "R", 70.87, 39.37, 0, 0],
		[151, "U8_4", 651.58, -3462.99, "T", "SMD", "$1N1850", "", "R", 70.87, 39.37, 0, 0],
		[152, "U9_1", 848.42, -762.99, "T", "SMD", "+5V", "", "R", 70.87, 39.37, 0, 0],
		[153, "U9_2", 848.42, -637.01, "T", "SMD", "$1N1892", "", "R", 70.87, 39.37, 0, 0],
		[154, "U9_3", 651.58, -637.01, "T", "SMD", "GND", "GND", "R", 70.87, 39.37, 0, 0],
		[155, "U9_4", 651.58, -762.99, "T", "SMD", "$1N1818", "", "R", 70.87, 39.37, 0, 0],
		[156, "U10_1", 848.42, -1162.99, "T", "SMD", "+5V", "", "R", 70.87, 39.37, 0, 0],
		[157, "U10_2", 848.42, -1037.01, "T", "SMD", "$1N1818", "", "R", 70.87, 39.37, 0, 0],
		[158, "U10_3", 651.58, -1037.01, "T", "SMD", "GND", "GND", "R", 70.87, 39.37, 0, 0],
		[159, "U10_4", 651.58, -1162.99, "T", "SMD", "$1N1904", "", "R", 70.87, 39.37, 0, 0],
		[160, "U11_1", 1448.42, -2662.99, "T", "SMD", "+5V", "", "R", 70.87, 39.37, 0, 0],
		[161, "U11_2", 1448.42, -2537.01, "T", "SMD", "$1N1868", "", "R", 70.87, 39.37, 0, 0],
		[162, "U11_3", 1251.58, -2537.01, "T", "SMD", "GND", "GND", "R", 70.87, 39.37, 0, 0],
		[163, "U11_4", 1251.58, -2662.99, "T", "SMD", "$1N1772", "", "R", 70.87, 39.37, 0, 0],
		[164, "U12_1", 1448.42, -3062.99, "T", "SMD", "+5V", "", "R", 70.87, 39.37, 0, 0],
		[165, "U12_2", 1448.42, -2937.01, "T", "SMD", "$1N1772", "", "R", 70.87, 39.37, 0, 0],
		[166, "U12_3", 1251.58, -2937.01, "T", "SMD", "GND", "GND", "R", 70.87, 39.37, 0, 0],
		[167, "U12_4", 1251.58, -3062.99, "T", "SMD", "$1N1856", "", "R", 70.87, 39.37, 0, 0],
		[168, "U13_1", 1448.42, -362.99, "T", "SMD", "+5V", "", "R", 70.87, 39.37, 0, 0],
		[169, "U13_2", 1448.42, -237.01, "T", "SMD", "$1N1898", "", "R", 70.87, 39.37, 0, 0],
		[170, "U13_3", 1251.58, -237.01, "T", "SMD", "GND", "GND", "R", 70.87, 39.37, 0, 0],
		[171, "U13_4", 1251.58, -362.99, "T", "SMD", "$1N1812", "", "R", 70.87, 39.37, 0, 0],
		[172, "U14_1", 1448.42, -762.99, "T", "SMD", "+5V", "", "R", 70.87, 39.37, 0, 0],
		[173, "U14_2", 1448.42, -637.01, "T", "SMD", "$1N1812", "", "R", 70.87, 39.37, 0, 0],
		[174, "U14_3", 1251.58, -637.01, "T", "SMD", "GND", "GND", "R", 70.87, 39.37, 0, 0],
		[175, "U14_4", 1251.58, -762.99, "T", "SMD", "$1N1892", "", "R", 70.87, 39.37, 0, 0],
		[176, "U15_1", 2048.43, -2462.99, "T", "SMD", "+5V", "", "R", 70.87, 39.37, 0, 0],
		[177, "U15_2", 2048.43, -2337.01, "T", "SMD", "$1N1862", "", "R", 70.87, 39.37, 0, 0],
		[178, "U15_3", 1851.58, -2337.01, "T", "SMD", "GND", "GND", "R", 70.87, 39.37, 0, 0],
		[179, "U15_4", 1851.58, -2462.99, "T", "SMD", "$1N1781", "", "R", 70.87, 39.37, 0, 0],
		[180, "U16_1", 2048.43, -2862.99, "T", "SMD", "+5V", "", "R", 70.87, 39.37, 0, 0],
		[181, "U16_2", 2048.43, -2737.01, "T", "SMD", "$1N1781", "", "R", 70.87, 39.37, 0, 0],
		[182, "U16_3", 1851.58, -2737.01, "T", "SMD", "GND", "GND", "R", 70.87, 39.37, 0, 0],
		[183, "U16_4", 1851.58, -2862.99, "T", "SMD", "$1N1868", "", "R", 70.87, 39.37, 0, 0],
		[184, "U17_1", 2048.43, -162.99, "T", "SMD", "+5V", "", "R", 70.87, 39.37, 0, 0],
		[185, "U17_2", 2048.43, -37.01, "T", "SMD", "$1N1922", "", "R", 70.87, 39.37, 0, 0],
		[186, "U17_3", 1851.58, -37.01, "T", "SMD", "GND", "GND", "R", 70.87, 39.37, 0, 0],
		[187, "U17_4", 1851.58, -162.99, "T", "SMD", "$1N1830", "", "R", 70.87, 39.37, 0, 0],
		[188, "U18_1", 2048.43, -512.99, "T", "SMD", "+5V", "", "R", 70.87, 39.37, 0, 0],
		[189, "U18_2", 2048.43, -387.01, "T", "SMD", "$1N1830", "", "R", 70.87, 39.37, 0, 0],
		[190, "U18_3", 1851.58, -387.01, "T", "SMD", "GND", "GND", "R", 70.87, 39.37, 0, 0],
		[191, "U18_4", 1851.58, -512.99, "T", "SMD", "$1N1898", "", "R", 70.87, 39.37, 0, 0],
		[192, "U19_1", 1159.45, -1916.93, "T", "SMD", "GND", "GND", "R", 98.42, 43.31, 0, 270],
		[193, "U19_2", 1250, -1916.93, "T", "SMD", "+3.3V", "", "R", 98.42, 43.31, 0, 270],
		[194, "U19_3", 1340.55, -1916.93, "T", "SMD", "+5V", "", "R", 98.42, 43.31, 0, 270],
		[195, "U19_4", 1250, -1683.07, "T", "SMD", "+3.3V", "", "R", 92.13, 141.73, 0, 270],
		[196, "U20_1", 2648.42, -3062.99, "T", "SMD", "+5V", "", "R", 70.87, 39.37, 0, 0],
		[197, "U20_2", 2648.42, -2937.01, "T", "SMD", "$1N1886", "", "R", 70.87, 39.37, 0, 0],
		[198, "U20_3", 2451.57, -2937.01, "T", "SMD", "GND", "GND", "R", 70.87, 39.37, 0, 0],
		[199, "U20_4", 2451.57, -3062.99, "T", "SMD", "$1N1794", "", "R", 70.87, 39.37, 0, 0],
		[200, "U21_1", 2648.42, -2662.99, "T", "SMD", "+5V", "", "R", 70.87, 39.37, 0, 0],
		[201, "U21_2", 2648.42, -2537.01, "T", "SMD", "$1N1794", "", "R", 70.87, 39.37, 0, 0],
		[202, "U21_3", 2451.57, -2537.01, "T", "SMD", "GND", "GND", "R", 70.87, 39.37, 0, 0],
		[203, "U21_4", 2451.57, -2662.99, "T", "SMD", "$1N1862", "", "R", 70.87, 39.37, 0, 0],
		[204, "U22_1", 2648.42, -762.99, "T", "SMD", "+5V", "", "R", 70.87, 39.37, 0, 0],
		[205, "U22_2", 2648.42, -637.01, "T", "SMD", "$1N1910", "", "R", 70.87, 39.37, 0, 0],
		[206, "U22_3", 2451.57, -637.01, "T", "SMD", "GND", "GND", "R", 70.87, 39.37, 0, 0],
		[207, "U22_4", 2451.57, -762.99, "T", "SMD", "$1N1824", "", "R", 70.87, 39.37, 0, 0],
		[208, "U23_1", 2648.42, -362.99, "T", "SMD", "+5V", "", "R", 70.87, 39.37, 0, 0],
		[209, "U23_2", 2648.42, -237.01, "T", "SMD", "$1N1824", "", "R", 70.87, 39.37, 0, 0],
		[210, "U23_3", 2451.57, -237.01, "T", "SMD", "GND", "GND", "R", 70.87, 39.37, 0, 0],
		[211, "U23_4", 2451.57, -362.99, "T", "SMD", "$1N1922", "", "R", 70.87, 39.37, 0, 0],
		[212, "U24_1", 3248.42, -3462.99, "T", "SMD", "+5V", "", "R", 70.87, 39.37, 0, 0],
		[213, "U24_2", 3248.42, -3337.01, "T", "SMD", "$1N1874", "", "R", 70.87, 39.37, 0, 0],
		[214, "U24_3", 3051.58, -3337.01, "T", "SMD", "GND", "GND", "R", 70.87, 39.37, 0, 0],
		[215, "U24_4", 3051.58, -3462.99, "T", "SMD", "$1N1788", "", "R", 70.87, 39.37, 0, 0],
		[216, "U25_1", 3248.42, -3062.99, "T", "SMD", "+5V", "", "R", 70.87, 39.37, 0, 0],
		[217, "U25_2", 3248.42, -2937.01, "T", "SMD", "$1N1788", "", "R", 70.87, 39.37, 0, 0],
		[218, "U25_3", 3051.58, -2937.01, "T", "SMD", "GND", "GND", "R", 70.87, 39.37, 0, 0],
		[219, "U25_4", 3051.58, -3062.99, "T", "SMD", "$1N1886", "", "R", 70.87, 39.37, 0, 0],
		[220, "U26_1", 3248.42, -1162.99, "T", "SMD", "+5V", "", "R", 70.87, 39.37, 0, 0],
		[221, "U26_2", 3248.42, -1037.01, "T", "SMD", "$1N1916", "", "R", 70.87, 39.37, 0, 0],
		[222, "U26_3", 3051.58, -1037.01, "T", "SMD", "GND", "GND", "R", 70.87, 39.37, 0, 0],
		[223, "U26_4", 3051.58, -1162.99, "T", "SMD", "$1N1842", "", "R", 70.87, 39.37, 0, 0],
		[224, "U27_1", 3248.42, -762.99, "T", "SMD", "+5V", "", "R", 70.87, 39.37, 0, 0],
		[225, "U27_2", 3248.42, -637.01, "T", "SMD", "$1N1842", "", "R", 70.87, 39.37, 0, 0],
		[226, "U27_3", 3051.58, -637.01, "T", "SMD", "GND", "GND", "R", 70.87, 39.37, 0, 0],
		[227, "U27_4", 3051.58, -762.99, "T", "SMD", "$1N1910", "", "R", 70.87, 39.37, 0, 0],
		[228, "U28_1", 3798.42, -3812.99, "T", "SMD", "+5V", "", "R", 70.87, 39.37, 0, 0],
		[229, "U28_2", 3798.42, -3687.01, "T", "SMD", "U28_2", "", "R", 70.87, 39.37, 0, 0],
		[230, "U28_3", 3601.58, -3687.01, "T", "SMD", "GND", "GND", "R", 70.87, 39.37, 0, 0],
		[231, "U28_4", 3601.58, -3812.99, "T", "SMD", "$1N1806", "", "R", 70.87, 39.37, 0, 0],
		[232, "U29_1", 3798.42, -3412.99, "T", "SMD", "+5V", "", "R", 70.87, 39.37, 0, 0],
		[233, "U29_2", 3798.42, -3287.01, "T", "SMD", "$1N1806", "", "R", 70.87, 39.37, 0, 0],
		[234, "U29_3", 3601.58, -3287.01, "T", "SMD", "GND", "GND", "R", 70.87, 39.37, 0, 0],
		[235, "U29_4", 3601.58, -3412.99, "T", "SMD", "$1N1874", "", "R", 70.87, 39.37, 0, 0],
		[236, "U30_1", 3798.42, -1512.99, "T", "SMD", "+5V", "", "R", 70.87, 39.37, 0, 0],
		[237, "U30_2", 3798.42, -1387.01, "T", "SMD", "U30_2", "", "R", 70.87, 39.37, 0, 0],
		[238, "U30_3", 3601.58, -1387.01, "T", "SMD", "GND", "GND", "R", 70.87, 39.37, 0, 0],
		[239, "U30_4", 3601.58, -1512.99, "T", "SMD", "$1N1836", "", "R", 70.87, 39.37, 0, 0],
		[240, "U31_1", 3798.42, -1112.99, "T", "SMD", "+5V", "", "R", 70.87, 39.37, 0, 0],
		[241, "U31_2", 3798.42, -987.01, "T", "SMD", "$1N1836", "", "R", 70.87, 39.37, 0, 0],
		[242, "U31_3", 3601.58, -987.01, "T", "SMD", "GND", "GND", "R", 70.87, 39.37, 0, 0],
		[243, "U31_4", 3601.58, -1112.99, "T", "SMD", "$1N1916", "", "R", 70.87, 39.37, 0, 0],
		[244, "U32_1", 3054.76, -2062.6, "T", "SMD", "$1N16874", "", "R", 20.95, 42.2, 0, 270],
		[245, "U32_2", 3054.76, -2100, "T", "SMD", "GND", "GND", "R", 20.95, 42.2, 0, 270],
		[246, "U32_3", 3054.76, -2137.4, "T", "SMD", "$1N13670", "", "R", 20.95, 42.2, 0, 270],
		[247, "U32_4", 3145.24, -2137.4, "T", "SMD", "VCC", "", "R", 20.95, 42.2, 0, 270],
		[248, "U32_5", 3145.24, -2100, "T", "SMD", "VCC", "", "R", 20.95, 42.2, 0, 270],
		[249, "U32_6", 3145.24, -2062.6, "T", "SMD", "U32_6", "", "R", 20.95, 42.2, 0, 270],
		[250, "USB1_13", 278.74, -256.1, "T", "DIP", "GND", "GND", "O", 47.24, 78.74, 55.12, 180],
		[251, "USB1_13", 278.74, -256.1, "B", "DIP", "GND", "GND", "O", 47.24, 78.74, 55.12, 180],
		[252, "USB1_13", 278.74, -98.62, "T", "DIP", "GND", "GND", "O", 47.24, 94.49, 70.87, 180],
		[253, "USB1_13", 278.74, -98.62, "B", "DIP", "GND", "GND", "O", 47.24, 94.49, 70.87, 180],
		[254, "USB1_14", 721.26, -256.1, "T", "DIP", "GND", "GND", "O", 47.24, 78.74, 55.12, 180],
		[255, "USB1_14", 721.26, -256.1, "B", "DIP", "GND", "GND", "O", 47.24, 78.74, 55.12, 180],
		[256, "USB1_14", 721.26, -98.62, "T", "DIP", "GND", "GND", "O", 47.24, 94.49, 70.87, 180],
		[257, "USB1_14", 721.26, -98.62, "B", "DIP", "GND", "GND", "O", 47.24, 94.49, 70.87, 180],
		[258, "USB1_A1B12", 625.99, -301.38, "T", "SMD", "GND", "GND", "R", 23.62, 43.31, 0, 180],
		[259, "USB1_A4B9", 594.5, -301.38, "T", "SMD", "VBUS", "", "R", 23.62, 43.31, 0, 180],
		[260, "USB1_A5", 549.22, -301.38, "T", "SMD", "USB1_A5", "", "R", 11.81, 43.31, 0, 180],
		[261, "USB1_A6", 509.85, -301.38, "T", "SMD", "USB1_A6", "", "R", 11.81, 43.31, 0, 180],
		[262, "USB1_A7", 490.17, -301.38, "T", "SMD", "USB1_A7", "", "R", 11.81, 43.31, 0, 180],
		[263, "USB1_A8", 450.8, -301.38, "T", "SMD", "USB1_A8", "", "R", 11.81, 43.31, 0, 180],
		[264, "USB1_B1A12", 374.03, -301.38, "T", "SMD", "GND", "GND", "R", 23.62, 43.31, 0, 180],
		[265, "USB1_B4A9", 405.52, -301.38, "T", "SMD", "VBUS", "", "R", 23.62, 43.31, 0, 180],
		[266, "USB1_B5", 431.11, -301.38, "T", "SMD", "USB1_B5", "", "R", 11.81, 43.31, 0, 180],
		[267, "USB1_B6", 470.48, -301.38, "T", "SMD", "USB1_B6", "", "R", 11.81, 43.31, 0, 180],
		[268, "USB1_B7", 529.54, -301.38, "T", "SMD", "USB1_B7", "", "R", 11.81, 43.31, 0, 180],
		[269, "USB1_B8", 568.91, -301.38, "T", "SMD", "USB1_B8", "", "R", 11.81, 43.31, 0, 180]
	]
}
}